Cust_User,Card_Number,CVV,Exp_Date,Name_on_Card
harry3,7283412974523180,985,2017-01-03,Harry Garland
jane55,8028067321446220,133,2016-08-14,Jane Buzzer
sal12,8732680185680110,825,2021-03-27,Sal Sampony
dan2,6545662420303970,778,2021-01-26,Dan Carrier
carrie1,5383494121892210,923,2021-05-11,Carrie Rodriguez
hal8,4407766240198850,289,2020-04-26,Hal Hooper
jose99,6432112278368590,304,2020-05-12,Jose Rodriguez
jill123,9736300165334200,999,2020-07-26,Jill Baker
great1337,1801878742345940,609,2018-05-13,Peter Parker
sandy77,1952810101181760,383,2020-04-09,Sandy Socks
calzone96,9373980623504420,338,2019-01-21,Luca Pollini
harry3,7649729819330500,607,2021-08-12,Harry Garland
jane55,3686774797599060,636,2020-08-23,Jane Buzzer
sal12,8548833508681000,605,2022-11-17,Sal Sampony
dan2,2119124361284400,487,2018-03-19,Dan Carrier
carrie1,4444705206361580,168,2019-01-24,Carrie Rodriguez
hal8,8957076900418620,743,2018-06-23,Hal Hooper